﻿pos_x,pos_y,rotation,side,designator,mpn,pack,footprint,value,mount_type
34.5,-59.0,90.0,top,C1,,,C_0805_2012Metric,1nF,smt
24.5,-59.5,-90.0,top,C2,,,C_0805_2012Metric,0.1uF,smt
14.45,-43.0,0.0,top,C3,,,CP_Elec_10x10.5,470uF,smt
15.83,-30.12,0.0,top,C5,,,C_0805_2012Metric,0.1uF,smt
12.88,-13.87,0.0,top,C6,,,CP_Elec_10x10.5,22uF,smt
3.63,-28.82,-90.0,top,C7,,,C_0805_2012Metric,0.1uF,smt
13.15,-57.0,0.0,top,D1,,,Diode_Bridge_OnSemi_SDIP-4L,DF06S,smt
25.34375,-14.44375,90.0,top,D2,,,D_SOD-323,1N5817,smt
29.0,-53.0,0.0,top,R1,,,R_0805_2012Metric,470R,smt
33.5875,-53.0,0.0,top,R2,,,R_0805_2012Metric,470R,smt
39.4125,-56.0,180.0,top,R3,,,R_0805_2012Metric,470R,smt
3.0,-43.0,-90.0,top,SW1,,,SW_SPDT_CK_JS102011SAQN,SW_SPDT,smt
28.905,-61.525,90.0,top,U1,,,SOIC-8_3.9x4.9mm_P1.27mm,ACS712xLCTR-05B,smt
8.88,-26.87,90.0,top,U2,,,SOT-223-3_TabPin2,AMS1117-5.0,smt
25.24,-27.58,0.0,top,U3,,,esp32c3-zero,~,tht
