﻿Designator,Quantity,Value,Footprint,Package,MPN,DNP,Mount_Type,Description
C1,1,1nF,C_0805_2012Metric,,,,smt,Unpolarized capacitor
"C2, C5, C7",3,0.1uF,C_0805_2012Metric,,,,smt,Unpolarized capacitor
C3,1,470uF,CP_Elec_10x10.5,,,,smt,Polarized capacitor
C6,1,22uF,CP_Elec_10x10.5,,,,smt,Polarized capacitor
D1,1,DF06S,Diode_Bridge_OnSemi_SDIP-4L,,,,smt,"Bridge Rectifier, 420V Vrms, 1.5A If, SMDIP-4"
D2,1,1N5817,D_SOD-323,,,,smt,"20V 1A Schottky Barrier Rectifier Diode, DO-41"
"J1, J2",2,Conn_01x02_Socket,"TerminalBlock_Phoenix_MPT-0,5-2-2.54_1x02_P2.54mm_Horizontal",,,,tht,"Generic connector, single row, 01x02, script generated"
J3,1,Conn_01x02_Pin,JST_EH_B2B-EH-A_1x02_P2.50mm_Vertical,,,,tht,"Generic connector, single row, 01x02, script generated"
J4,1,Conn_01x03_Pin,JST_EH_B3B-EH-A_1x03_P2.50mm_Vertical,,,,tht,"Generic connector, single row, 01x03, script generated"
"R1, R2, R3",3,470R,R_0805_2012Metric,,,,smt,Resistor
SW1,1,SW_SPDT,SW_SPDT_CK_JS102011SAQN,,,,smt,"Switch, single pole double throw"
U1,1,ACS712xLCTR-05B,SOIC-8_3.9x4.9mm_P1.27mm,,,,smt,"±5A Bidirectional Hall-Effect Current Sensor, +5.0V supply, 185mV/A, SOIC-8"
U2,1,AMS1117-5.0,SOT-223-3_TabPin2,,,,smt,"1A Low Dropout regulator, positive, 5.0V fixed output, SOT-223"
